{
  "N_values": [
    1,
    2,
    4,
    8,
    16,
    32,
    64,
    128
  ],
  "deployment_gate": "block_high_n",
  "high_N_regret": 0.8446759259259259,
  "method": "raw_semantic",
  "path": "results\\controlled_summary.csv",
  "selected_real_utility_vs_N": {
    "1": 0.4727077907986111,
    "128": 0.1553240740740741,
    "16": 0.19064827480244484,
    "2": 0.4078415063839676,
    "32": 0.19320797822888472,
    "4": 0.2967345247751149,
    "64": 0.19494176698329768,
    "8": 0.21192481925082007
  },
  "selected_semantic_score_vs_N": {
    "1": 0.8757523818304457,
    "128": 0.9974051142271997,
    "16": 0.9824043825660237,
    "2": 0.9278015624820828,
    "32": 0.989659594695481,
    "4": 0.9546299714067951,
    "64": 0.9946581126499421,
    "8": 0.971782857141414
  },
  "semantic_real_tail_gap": 0.797323224499325,
  "tail_rank_correlation": 0.006189971788463558,
  "violation_rate": 1.0
}