{
  "N_values": [
    1,
    2,
    4,
    8,
    16,
    32,
    64,
    128
  ],
  "deployment_gate": "block_high_n",
  "high_N_regret": 0.8482638888888889,
  "method": "raw_semantic",
  "path": "results\\learned_summary.csv",
  "selected_real_utility_vs_N": {
    "1": 0.4727077907986111,
    "128": 0.1517361111111111,
    "16": 0.1841275846541409,
    "2": 0.41105057790627736,
    "32": 0.18095626844272386,
    "4": 0.2960637433992626,
    "64": 0.1764386660466026,
    "8": 0.20628162529495317
  },
  "selected_semantic_score_vs_N": {
    "1": 0.8757523818304457,
    "128": 0.9848929135061849,
    "16": 0.9737946124164253,
    "2": 0.9265989889401567,
    "32": 0.9781990871572047,
    "4": 0.9518329444030624,
    "64": 0.9818121030710439,
    "8": 0.966513241648664
  },
  "semantic_real_tail_gap": 0.7918526052072611,
  "tail_rank_correlation": -0.007304892507484432,
  "violation_rate": 0.9583333333333334
}