{
  "N_values": [
    1,
    2,
    4,
    8,
    16,
    32,
    64,
    128
  ],
  "deployment_gate": "block_high_n",
  "high_N_regret": 0.5395833333333333,
  "method": "raw_semantic",
  "path": "results\\rendered_summary.csv",
  "selected_real_utility_vs_N": {
    "1": 0.5637369791666668,
    "128": 0.4604166666666667,
    "16": 0.4670577201473545,
    "2": 0.5763110543799214,
    "32": 0.46637558986294597,
    "4": 0.5285619331177354,
    "64": 0.4657508700870195,
    "8": 0.47879349353883444
  },
  "selected_semantic_score_vs_N": {
    "1": 0.8757523818304457,
    "128": 0.9848929135061849,
    "16": 0.9738275875192949,
    "2": 0.9265978041231365,
    "32": 0.9782937995402335,
    "4": 0.9518308056328105,
    "64": 0.981942637959369,
    "8": 0.9665164733718438
  },
  "semantic_real_tail_gap": 0.5112831607628165,
  "tail_rank_correlation": -0.05055267619144938,
  "violation_rate": 1.0
}