{
  "N_values": [
    1,
    2,
    4,
    8,
    16,
    32,
    64,
    128
  ],
  "deployment_gate": "block_high_n",
  "high_N_regret": 0.5541666666666665,
  "method": "raw_semantic",
  "path": "results\\rendered_summary.csv",
  "selected_real_utility_vs_N": {
    "1": 0.5835872395833334,
    "128": 0.44583333333333347,
    "16": 0.4528902202883896,
    "2": 0.5718237368766405,
    "32": 0.4518398286664323,
    "4": 0.5166038487376579,
    "64": 0.4509809217113294,
    "8": 0.4651032726559643
  },
  "selected_semantic_score_vs_N": {
    "1": 0.8757523818304457,
    "128": 0.9848929135061849,
    "16": 0.9738275875192949,
    "2": 0.9265978041231365,
    "32": 0.9782937995402335,
    "4": 0.9518308056328105,
    "64": 0.981942637959369,
    "8": 0.9665164733718438
  },
  "semantic_real_tail_gap": 0.5256998274294834,
  "tail_rank_correlation": -0.05055267619144938,
  "violation_rate": 1.0
}