{
  "N": 128,
  "methods": [
    {
      "N": 128,
      "calibration_improvement": 0.4953598264890712,
      "collision_rate": 0.11702517295002302,
      "deployment_gate": "allow_high_n",
      "exact_law_prediction_error": 0.000723506844262034,
      "exact_selected_utility": 0.9557764931557379,
      "experiment": "noisy_verifier_calibration_robustness",
      "fragile_rate": 0.06185185185185185,
      "high_N_regret": 0.04422350684426213,
      "instruction_satisfaction_proxy": 0.7565883984394647,
      "marginal_value_per_added_candidate": -0.01226129791972752,
      "mc_ci_high": 0.9597256984109062,
      "mc_ci_low": 0.9532743015890937,
      "mc_selected_utility_mean": 0.9564999999999999,
      "method": "calib_10pct_noise20",
      "oracle_minus_method_gap": 0.04422350684426213,
      "overall_rank_correlation": 0.9192776074238238,
      "physical_success": 0.9557764931557379,
      "pool_count": 24,
      "seed_count": 3,
      "selected_physical_feasibility": 0.7261863809952266,
      "selected_real_utility": 0.9557764931557379,
      "selected_semantic_score": 0.7565883984394647,
      "semantic_real_tail_gap": -0.13892442557511944,
      "stability_failure_rate": 0.02368659420289855,
      "tail_rank_correlation": -0.16577777210110614,
      "top_score_tail_real_utility": 0.97775,
      "unreachable_rate": 0.0037037037037037034,
      "violation_rate": 0.27381361900477347,
      "wrong_object_rate": 0.002199074074074074,
      "wrong_target_rate": 0.0
    },
    {
      "N": 128,
      "calibration_improvement": 0.5395833333333333,
      "collision_rate": 0.0,
      "deployment_gate": "stop_early",
      "exact_law_prediction_error": 0.0,
      "exact_selected_utility": 1.0,
      "experiment": "noisy_verifier_calibration_robustness",
      "fragile_rate": 0.0,
      "high_N_regret": 0.0,
      "instruction_satisfaction_proxy": 0.8890799318179609,
      "marginal_value_per_added_candidate": 8.726527278568597e-10,
      "mc_ci_high": 1.0,
      "mc_ci_low": 1.0,
      "mc_selected_utility_mean": 1.0,
      "method": "calib_1pct_noise0",
      "oracle_minus_method_gap": 0.0,
      "overall_rank_correlation": 0.8940961344820249,
      "physical_success": 1.0,
      "pool_count": 24,
      "seed_count": 3,
      "selected_physical_feasibility": 1.0,
      "selected_real_utility": 1.0,
      "selected_semantic_score": 0.8890799318179609,
      "semantic_real_tail_gap": -0.11414477729287296,
      "stability_failure_rate": 0.0,
      "tail_rank_correlation": 0.0,
      "top_score_tail_real_utility": 1.0,
      "unreachable_rate": 0.0,
      "violation_rate": 0.0,
      "wrong_object_rate": 0.0,
      "wrong_target_rate": 0.0
    },
    {
      "N": 128,
      "calibration_improvement": 0.5395833333333333,
      "collision_rate": 0.0,
      "deployment_gate": "stop_early",
      "exact_law_prediction_error": 0.0,
      "exact_selected_utility": 1.0,
      "experiment": "noisy_verifier_calibration_robustness",
      "fragile_rate": 0.0,
      "high_N_regret": 0.0,
      "instruction_satisfaction_proxy": 0.8779895876802044,
      "marginal_value_per_added_candidate": 9.013039203864537e-10,
      "mc_ci_high": 1.0,
      "mc_ci_low": 1.0,
      "mc_selected_utility_mean": 1.0,
      "method": "calib_2pct_noise5",
      "oracle_minus_method_gap": 0.0,
      "overall_rank_correlation": 0.9333158008604298,
      "physical_success": 1.0,
      "pool_count": 24,
      "seed_count": 3,
      "selected_physical_feasibility": 1.0,
      "selected_real_utility": 1.0,
      "selected_semantic_score": 0.8779895876802044,
      "semantic_real_tail_gap": -0.12081498378272804,
      "stability_failure_rate": 0.0,
      "tail_rank_correlation": 0.0,
      "top_score_tail_real_utility": 1.0,
      "unreachable_rate": 0.0,
      "violation_rate": 0.0,
      "wrong_object_rate": 0.0,
      "wrong_target_rate": 0.0
    },
    {
      "N": 128,
      "calibration_improvement": 0.27105779259991214,
      "collision_rate": 0.7036355401844533,
      "deployment_gate": "collect_pilot_labels",
      "exact_law_prediction_error": 0.0008598759332453243,
      "exact_selected_utility": 0.7314744592665788,
      "experiment": "noisy_verifier_calibration_robustness",
      "fragile_rate": 0.0,
      "high_N_regret": 0.26852554073342116,
      "instruction_satisfaction_proxy": 0.8310904099495892,
      "marginal_value_per_added_candidate": -0.04198141737721539,
      "mc_ci_high": 0.7376887784448128,
      "mc_ci_low": 0.7235403882218542,
      "mc_selected_utility_mean": 0.7306145833333335,
      "method": "calib_5pct_noise10",
      "oracle_minus_method_gap": 0.26852554073342116,
      "overall_rank_correlation": 0.85680730950618,
      "physical_success": 0.7314744592665788,
      "pool_count": 24,
      "seed_count": 3,
      "selected_physical_feasibility": 0.14698342116820376,
      "selected_real_utility": 0.7314744592665788,
      "selected_semantic_score": 0.8310904099495892,
      "semantic_real_tail_gap": 0.07196333403898365,
      "stability_failure_rate": 0.06439393939393939,
      "tail_rank_correlation": -0.24120464383894122,
      "top_score_tail_real_utility": 0.8054166666666668,
      "unreachable_rate": 0.22296058410188846,
      "violation_rate": 0.8530165788317962,
      "wrong_object_rate": 0.04340277777777778,
      "wrong_target_rate": 0.041666666666666664
    },
    {
      "N": 128,
      "calibration_improvement": 0.5395833333333333,
      "collision_rate": 0.0,
      "deployment_gate": "stop_early",
      "exact_law_prediction_error": 0.0,
      "exact_selected_utility": 1.0,
      "experiment": "noisy_verifier_calibration_robustness",
      "fragile_rate": 0.0,
      "high_N_regret": 0.0,
      "instruction_satisfaction_proxy": 0.9257972031513825,
      "marginal_value_per_added_candidate": 1.5014602894325435e-09,
      "mc_ci_high": 1.0,
      "mc_ci_low": 1.0,
      "mc_selected_utility_mean": 1.0,
      "method": "grounded_combined",
      "oracle_minus_method_gap": 0.0,
      "overall_rank_correlation": 0.683624829184164,
      "physical_success": 1.0,
      "pool_count": 24,
      "seed_count": 3,
      "selected_physical_feasibility": 1.0,
      "selected_real_utility": 1.0,
      "selected_semantic_score": 0.9257972031513825,
      "semantic_real_tail_gap": -0.08556363821236386,
      "stability_failure_rate": 0.0,
      "tail_rank_correlation": 0.0,
      "top_score_tail_real_utility": 1.0,
      "unreachable_rate": 0.0,
      "violation_rate": 0.0,
      "wrong_object_rate": 0.0,
      "wrong_target_rate": 0.0
    },
    {
      "N": 128,
      "calibration_improvement": 0.5395833333333333,
      "collision_rate": 0.0,
      "deployment_gate": "stop_early",
      "exact_law_prediction_error": 0.0,
      "exact_selected_utility": 1.0,
      "experiment": "noisy_verifier_calibration_robustness",
      "fragile_rate": 0.0,
      "high_N_regret": 0.0,
      "instruction_satisfaction_proxy": 0.9257972031513825,
      "marginal_value_per_added_candidate": 0.0011598676440577327,
      "mc_ci_high": 1.0,
      "mc_ci_low": 1.0,
      "mc_selected_utility_mean": 1.0,
      "method": "ideal_verifier",
      "oracle_minus_method_gap": 0.0,
      "overall_rank_correlation": 0.6791337752260761,
      "physical_success": 1.0,
      "pool_count": 24,
      "seed_count": 3,
      "selected_physical_feasibility": 1.0,
      "selected_real_utility": 1.0,
      "selected_semantic_score": 0.9257972031513825,
      "semantic_real_tail_gap": -0.08188088089822342,
      "stability_failure_rate": 0.0,
      "tail_rank_correlation": 0.014731391274719738,
      "top_score_tail_real_utility": 0.9963333333333333,
      "unreachable_rate": 0.0,
      "violation_rate": 0.0,
      "wrong_object_rate": 0.0,
      "wrong_target_rate": 0.0
    },
    {
      "N": 128,
      "calibration_improvement": 0.017916666666666747,
      "collision_rate": 1.0,
      "deployment_gate": "block_high_n",
      "exact_law_prediction_error": 0.0,