{
  "N": 128,
  "methods": [
    {
      "N": 128,
      "calibration_improvement": 0.4121227978357889,
      "collision_rate": 0.5257929065924497,
      "deployment_gate": "collect_pilot_labels",
      "exact_law_prediction_error": 0.0022799799419885858,
      "exact_selected_utility": 0.8579561311691224,
      "experiment": "noisy_verifier_calibration_robustness",
      "fragile_rate": 0.08618742813015057,
      "high_N_regret": 0.1420438688308776,
      "instruction_satisfaction_proxy": 0.854902418912968,
      "marginal_value_per_added_candidate": -0.003437382055974325,
      "mc_ci_high": 0.8659092251432456,
      "mc_ci_low": 0.8545629970789763,
      "mc_selected_utility_mean": 0.860236111111111,
      "method": "calib_10pct_noise20",
      "oracle_minus_method_gap": 0.1420438688308776,
      "overall_rank_correlation": 0.8778583991074583,
      "physical_success": 0.8579561311691224,
      "pool_count": 24,
      "seed_count": 3,
      "selected_physical_feasibility": 0.43394756047560357,
      "selected_real_utility": 0.8579561311691224,
      "selected_semantic_score": 0.854902418912968,
      "semantic_real_tail_gap": -0.013065739389644527,
      "stability_failure_rate": 0.07213525584093249,
      "tail_rank_correlation": -0.07338752027178892,
      "top_score_tail_real_utility": 0.867,
      "unreachable_rate": 0.014414378458918688,
      "violation_rate": 0.5660524395243965,
      "wrong_object_rate": 0.012152777777777778,
      "wrong_target_rate": 0.14868273922008285
    },
    {
      "N": 128,
      "calibration_improvement": 0.4461928104575164,
      "collision_rate": 0.0,
      "deployment_gate": "allow_high_n",
      "exact_law_prediction_error": 0.00019281045751651238,
      "exact_selected_utility": 0.8920261437908499,
      "experiment": "noisy_verifier_calibration_robustness",
      "fragile_rate": 0.0,
      "high_N_regret": 0.10797385620915012,
      "instruction_satisfaction_proxy": 0.815351123791277,
      "marginal_value_per_added_candidate": -0.010249306658866253,
      "mc_ci_high": 0.8945685172334656,
      "mc_ci_low": 0.8890981494332011,
      "mc_selected_utility_mean": 0.8918333333333334,
      "method": "calib_1pct_noise0",
      "oracle_minus_method_gap": 0.10797385620915012,
      "overall_rank_correlation": 0.9010893090089317,
      "physical_success": 0.8920261437908499,
      "pool_count": 24,
      "seed_count": 3,
      "selected_physical_feasibility": 1.0,
      "selected_real_utility": 0.8920261437908499,
      "selected_semantic_score": 0.815351123791277,
      "semantic_real_tail_gap": -0.08939508771380344,
      "stability_failure_rate": 0.0,
      "tail_rank_correlation": -0.17799178323834394,
      "top_score_tail_real_utility": 0.9133333333333334,
      "unreachable_rate": 0.0,
      "violation_rate": 0.0,
      "wrong_object_rate": 0.0,
      "wrong_target_rate": 0.6748366013071895
    },
    {
      "N": 128,
      "calibration_improvement": 0.5541666666666665,
      "collision_rate": 0.0,
      "deployment_gate": "stop_early",
      "exact_law_prediction_error": 0.0,
      "exact_selected_utility": 1.0,
      "experiment": "noisy_verifier_calibration_robustness",
      "fragile_rate": 0.0,
      "high_N_regret": 0.0,
      "instruction_satisfaction_proxy": 0.8758982962754459,
      "marginal_value_per_added_candidate": 4.585157808989493e-10,
      "mc_ci_high": 1.0,
      "mc_ci_low": 1.0,
      "mc_selected_utility_mean": 1.0,
      "method": "calib_2pct_noise5",
      "oracle_minus_method_gap": 0.0,
      "overall_rank_correlation": 0.9483975895785379,
      "physical_success": 1.0,
      "pool_count": 24,
      "seed_count": 3,
      "selected_physical_feasibility": 1.0,
      "selected_real_utility": 1.0,
      "selected_semantic_score": 0.8758982962754459,
      "semantic_real_tail_gap": -0.12124002876844993,
      "stability_failure_rate": 0.0,
      "tail_rank_correlation": 0.0,
      "top_score_tail_real_utility": 1.0,
      "unreachable_rate": 0.0,
      "violation_rate": 0.0,
      "wrong_object_rate": 0.0,
      "wrong_target_rate": 0.0
    },
    {
      "N": 128,
      "calibration_improvement": 0.23816192680776,
      "collision_rate": 0.7722883597883597,
      "deployment_gate": "block_high_n",
      "exact_law_prediction_error": 0.0015542879188712444,
      "exact_selected_utility": 0.6839952601410935,
      "experiment": "noisy_verifier_calibration_robustness",
      "fragile_rate": 0.0,
      "high_N_regret": 0.31600473985890654,
      "instruction_satisfaction_proxy": 0.7991454491372346,
      "marginal_value_per_added_candidate": -0.04152084196273842,
      "mc_ci_high": 0.6909463096671918,
      "mc_ci_low": 0.6739356347772526,
      "mc_selected_utility_mean": 0.6824409722222222,
      "method": "calib_5pct_noise10",
      "oracle_minus_method_gap": 0.31600473985890654,
      "overall_rank_correlation": 0.8334728764906965,
      "physical_success": 0.6839952601410935,
      "pool_count": 24,
      "seed_count": 3,
      "selected_physical_feasibility": 0.14264219576719575,
      "selected_real_utility": 0.6839952601410935,
      "selected_semantic_score": 0.7991454491372346,
      "semantic_real_tail_gap": 0.07690871261089705,
      "stability_failure_rate": 0.0681712962962963,
      "tail_rank_correlation": -0.1836280103486286,
      "top_score_tail_real_utility": 0.7522500000000001,
      "unreachable_rate": 0.25746803350970016,
      "violation_rate": 0.8573578042328043,
      "wrong_object_rate": 0.08315145502645503,
      "wrong_target_rate": 0.25752314814814814
    },
    {
      "N": 128,
      "calibration_improvement": 0.5541666666666665,
      "collision_rate": 0.0,
      "deployment_gate": "stop_early",
      "exact_law_prediction_error": 0.0,
      "exact_selected_utility": 1.0,
      "experiment": "noisy_verifier_calibration_robustness",
      "fragile_rate": 0.0,
      "high_N_regret": 0.0,
      "instruction_satisfaction_proxy": 0.9257972031513825,
      "marginal_value_per_added_candidate": 4.6027548439298016e-10,
      "mc_ci_high": 1.0,
      "mc_ci_low": 1.0,
      "mc_selected_utility_mean": 1.0,
      "method": "grounded_combined",
      "oracle_minus_method_gap": 0.0,
      "overall_rank_correlation": 0.8147044027413092,
      "physical_success": 1.0,
      "pool_count": 24,
      "seed_count": 3,
      "selected_physical_feasibility": 1.0,
      "selected_real_utility": 1.0,
      "selected_semantic_score": 0.9257972031513825,
      "semantic_real_tail_gap": -0.08556363821236386,
      "stability_failure_rate": 0.0,
      "tail_rank_correlation": 0.0,
      "top_score_tail_real_utility": 1.0,
      "unreachable_rate": 0.0,
      "violation_rate": 0.0,
      "wrong_object_rate": 0.0,
      "wrong_target_rate": 0.0
    },
    {
      "N": 128,
      "calibration_improvement": 0.5541666666666665,
      "collision_rate": 0.0,
      "deployment_gate": "stop_early",
      "exact_law_prediction_error": 0.0,
      "exact_selected_utility": 1.0,
      "experiment": "noisy_verifier_calibration_robustness",
      "fragile_rate": 0.0,
      "high_N_regret": 0.0,
      "instruction_satisfaction_proxy": 0.9257972031513825,
      "marginal_value_per_added_candidate": 0.0011071454154022442,
      "mc_ci_high": 1.0,
      "mc_ci_low": 1.0,
      "mc_selected_utility_mean": 1.0,
      "method": "ideal_verifier",
      "oracle_minus_method_gap": 0.0,
      "overall_rank_correlation": 0.8105718418937337,
      "physical_success": 1.0,
      "pool_count": 24,
      "seed_count": 3,
      "selected_physical_feasibility": 1.0,
      "selected_real_utility": 1.0,
      "selected_semantic_score": 0.9257972031513825,
      "semantic_real_tail_gap": -0.08204754756489008,
      "stability_failure_rate": 0.0,
      "tail_rank_correlation": 0.014731391274719738,
      "top_score_tail_real_utility": 0.9965,
      "unreachable_rate": 0.0,
      "violation_rate": 0.0,
      "wrong_object_rate": 0.0,
      "wrong_target_rate": 0.0
    },
    {
      "N": 128,