{
  "certificate_failure_decomposition": {
    "certificate_failure_blocked_path_constraints_rate": 0.2913411458333333,
    "certificate_failure_fragile_heavy_handling_rate": 0.23828125,
    "certificate_failure_hidden_obstacle_rate": 0.0,
    "certificate_failure_reach_envelope_rate": 0.4951171875,
    "certificate_failure_receptacle_compatibility_rate": 0.1298828125,
    "certificate_failure_stability_margin_rate": 0.24576822916666666,
    "certificate_failure_swept_volume_collision_rate": 0.541015625,
    "certificate_failure_tool_object_match_rate": 0.22819010416666666,
    "certified_candidate_count_mean": 34.708333333333336
  },
  "confidence_radius": 0.1368028569211257,
  "decisions": [
    {
      "abstention_reason": null,
      "baseline_n1": 0.9998459123729011,
      "calibrated_score": 1.0,
      "certificate_failure_types": [],
      "certificate_pass": true,
      "certified_candidate_count": 27,
      "certified_selected_utility": 1.0,
      "certified_violation_rate": 0.0,
      "confidence_radius": 0.1368028569211257,
      "fallback_used": true,
      "gate_decision": "block_high_n",
      "lower_confidence_bound_curve": {
        "1": 0.8630430554517754,
        "16": 0.8631971430788743,
        "2": 0.8631704602400794,
        "4": 0.8631962453481875,
        "8": 0.8631971428556603
      },
      "pilot_label_count": 480,
      "predicted_selected_utility_curve": {
        "1": 0.9998459123729011,
        "16": 1.0,
        "2": 0.9999733171612051,
        "4": 0.9999991022693132,
        "8": 0.999999999776786
      },
      "random_baseline": 0.9998459123729005,
      "reason_code": "tail_lcb_below_baselines",
      "selected_N": 1,
      "selected_index": 1,
      "tail_label_count": 96
    },
    {
      "abstention_reason": null,
      "baseline_n1": 0.9995527911894649,
      "calibrated_score": 1.0,
      "certificate_failure_types": [],
      "certificate_pass": true,
      "certified_candidate_count": 38,
      "certified_selected_utility": 1.0,
      "certified_violation_rate": 0.0,
      "confidence_radius": 0.1368028569211257,
      "fallback_used": true,
      "gate_decision": "block_high_n",
      "lower_confidence_bound_curve": {
        "1": 0.8627499342683392,
        "16": 0.8631971406718262,
        "2": 0.8630073935069132,
        "32": 0.8631971430788743,
        "4": 0.8631527196335201,
        "8": 0.8631945528399056
      },
      "pilot_label_count": 480,
      "predicted_selected_utility_curve": {
        "1": 0.9995527911894649,
        "16": 0.9999999975929519,
        "2": 0.999810250428039,
        "32": 1.0,
        "4": 0.9999555765546458,
        "8": 0.9999974097610314
      },
      "random_baseline": 0.9995527911894649,
      "reason_code": "tail_lcb_below_baselines",
      "selected_N": 1,
      "selected_index": 3,
      "tail_label_count": 96
    },
    {
      "abstention_reason": null,
      "baseline_n1": 0.999604511880647,
      "calibrated_score": 1.0,
      "certificate_failure_types": [],
      "certificate_pass": true,
      "certified_candidate_count": 36,
      "certified_selected_utility": 1.0,
      "certified_violation_rate": 0.0,
      "confidence_radius": 0.1368028569211257,
      "fallback_used": true,
      "gate_decision": "block_high_n",
      "lower_confidence_bound_curve": {
        "1": 0.8628016549595213,
        "16": 0.8631971430522192,
        "2": 0.8630564417365854,
        "32": 0.8631971430788743,
        "4": 0.8631731402758887,
        "8": 0.8631964714366716
      },
      "pilot_label_count": 480,
      "predicted_selected_utility_curve": {
        "1": 0.999604511880647,
        "16": 0.9999999999733449,
        "2": 0.9998592986577111,
        "32": 1.0,
        "4": 0.9999759971970144,
        "8": 0.9999993283577973
      },
      "random_baseline": 0.9996045118806474,
      "reason_code": "tail_lcb_below_baselines",
      "selected_N": 1,
      "selected_index": 10,
      "tail_label_count": 96
    },
    {
      "abstention_reason": null,
      "baseline_n1": 0.9996046615473585,
      "calibrated_score": 1.0,
      "certificate_failure_types": [],
      "certificate_pass": true,
      "certified_candidate_count": 29,
      "certified_selected_utility": 1.0,
      "certified_violation_rate": 0.0,
      "confidence_radius": 0.1368028569211257,
      "fallback_used": true,
      "gate_decision": "block_high_n",
      "lower_confidence_bound_curve": {
        "1": 0.8628018046262328,
        "16": 0.8631971430477641,
        "2": 0.8630641275532399,
        "4": 0.8631764090862175,
        "8": 0.8631964927990285
      },
      "pilot_label_count": 480,
      "predicted_selected_utility_curve": {
        "1": 0.9996046615473585,
        "16": 0.9999999999688898,
        "2": 0.9998669844743656,
        "4": 0.9999792660073432,
        "8": 0.9999993497201543
      },
      "random_baseline": 0.9996046615473584,
      "reason_code": "tail_lcb_below_baselines",
      "selected_N": 1,
      "selected_index": 8,
      "tail_label_count": 96
    },
    {
      "abstention_reason": null,
      "baseline_n1": 0.9994839070670453,
      "calibrated_score": 1.0,
      "certificate_failure_types": [],
      "certificate_pass": true,
      "certified_candidate_count": 39,
      "certified_selected_utility": 1.0,
      "certified_violation_rate": 0.0,
      "confidence_radius": 0.1368028569211257,
      "fallback_used": true,
      "gate_decision": "block_high_n",
      "lower_confidence_bound_curve": {
        "1": 0.8626810501459196,
        "16": 0.8631971279742815,
        "2": 0.8629607757221328,
        "32": 0.8631971430788743,
        "4": 0.8631372887012377,
        "8": 0.8631927212877167
      },
      "pilot_label_count": 480,
      "predicted_selected_utility_curve": {
        "1": 0.9994839070670453,
        "16": 0.9999999848954072,
        "2": 0.9997636326432585,
        "32": 1.0,
        "4": 0.9999401456223634,
        "8": 0.9999955782088424
      },
      "random_baseline": 0.9994839070670449,
      "reason_code": "tail_lcb_below_baselines",
      "selected_N": 1,
      "selected_index": 3,
      "tail_label_count": 96
    },
    {
      "abstention_reason": null,
      "baseline_n1": 0.9995970906464786,
      "calibrated_score": 1.0,
      "certificate_failure_types": [],
      "certificate_pass": true,
      "certified_candidate_count": 30,
      "certified_selected_utility": 1.0,
      "certified_violation_rate": 0.0,
      "confidence_radius": 0.1368028569211257,
      "fallback_used": true,
      "gate_decision": "block_high_n",
      "lower_confidence_bound_curve": {
        "1": 0.8627942337253529,
        "16": 0.863197142335299,
        "2": 0.8630283425388512,
        "4": 0.863157900204277,
        "8": 0.8631949921953749
      },
      "pilot_label_count": 480,
      "predicted_selected_utility_curve": {
        "1": 0.9995970906464786,
        "16": 0.9999999992564247,
        "2": 0.9998311994599769,
        "4": 0.9999607571254027,
        "8": 0.9999978491165006
      },
      "random_baseline": 0.9995970906464786,
      "reason_code": "tail_lcb_below_baselines",
      "selected_N": 1,
      "selected_index": 4,
      "tail_label_count": 96
    },
    {
      "abstention_reason": null,
      "baseline_n1": 0.9998006898101536,
      "calibrated_score": 1.0,
      "certificate_failure_types": [],
      "certificate_pass": true,
      "certified_candidate_count": 31,
      "certified_selected_utility": 1.0,
      "certified_violation_rate": 0.0,
      "confidence_radius": 0.1368028569211257,
      "fallback_used": true,
      "gate_decision": "block_high_n",
      "lower_confidence_bound_curve": {
        "1": 0.8629978328890279,
        "16": 0.8631971430788743,
        "2": 0.8631403558412013,
        "4": 0.8631913473502895,
        "8": 0.863197107778835
      },
      "pilot_label_count": 480,
      "predicted_selected_utility_curve": {
        "1": 0.9998006898101536,
        "16": 1.0,
        "2": 0.999943212762327,